<Anims>
 <anim name="NewAnimation" root="entity_000" numframes="1000" framerate="40">
  <frame idx="0" w="1346" h="1654" x="-237.722229" y="-520.666687">
   <element name="symbol0" layername="timeline_0" frame="0" z_index="5" m_a="1.000000" m_b="0.000000" m_c="0.000000" m_d="1.000000" m_tx="-505.000000" m_ty="-577.500000"/>
   <element name="symbol0" layername="timeline_1" frame="2" z_index="4" m_a="0.882301" m_b="0.000000" m_c="0.000000" m_d="0.909230" m_tx="-51.084877" m_ty="-121.402031"/>
   <element name="symbol0" layername="timeline_2" frame="3" z_index="3" m_a="0.861307" m_b="0.000000" m_c="0.000000" m_d="0.860774" m_tx="-56.281788" m_ty="-118.666718"/>
   <element name="symbol0" layername="timeline_3" frame="4" z_index="2" m_a="1.000000" m_b="0.000000" m_c="0.000000" m_d="1.000000" m_tx="-272.222229" m_ty="-591.666687"/>
   <element name="symbol0" layername="timeline_4" frame="1" z_index="1" m_a="1.000000" m_b="0.000000" m_c="0.000000" m_d="1.000000" m_tx="-506.578949" m_ty="-577.631592"/>
  </frame>
  <frame idx="25" w="1347" h="1654" x="-238.858826" y="-520.354797">
   <element name="symbol0" layername="timeline_0" frame="0" z_index="5" m_a="1.000000" m_b="0.000000" m_c="0.000000" m_d="1.000000" m_tx="-505.000000" m_ty="-577.500000"/>
   <element name="symbol0" layername="timeline_1" frame="2" z_index="4" m_a="0.909992" m_b="0.000000" m_c="0.000000" m_d="0.925911" m_tx="-52.712311" m_ty="-122.307587"/>
   <element name="symbol0" layername="timeline_2" frame="3" z_index="3" m_a="0.875808" m_b="0.000000" m_c="0.000000" m_d="0.872326" m_tx="-57.427345" m_ty="-119.394363"/>
   <element name="symbol0" layername="timeline_3" frame="4" z_index="2" m_a="0.999976" m_b="-0.007001" m_c="0.007001" m_d="0.999976" m_tx="-274.818390" m_ty="-590.320557"/>
   <element name="symbol0" layername="timeline_4" frame="1" z_index="1" m_a="1.000000" m_b="0.000000" m_c="0.000000" m_d="1.000000" m_tx="-506.578949" m_ty="-577.631592"/>
  </frame>
  <frame idx="50" w="1348" h="1654" x="-240.002686" y="-520.053040">
   <element name="symbol0" layername="timeline_0" frame="0" z_index="5" m_a="1.000000" m_b="0.000000" m_c="0.000000" m_d="1.000000" m_tx="-505.000000" m_ty="-577.500000"/>
   <element name="symbol0" layername="timeline_1" frame="2" z_index="4" m_a="0.937682" m_b="0.000000" m_c="0.000000" m_d="0.942592" m_tx="-54.339745" m_ty="-123.213150"/>
   <element name="symbol0" layername="timeline_2" frame="3" z_index="3" m_a="0.890308" m_b="0.000000" m_c="0.000000" m_d="0.883878" m_tx="-58.572899" m_ty="-120.122009"/>
   <element name="symbol0" layername="timeline_3" frame="4" z_index="2" m_a="0.999902" m_b="-0.014001" m_c="0.014001" m_d="0.999902" m_tx="-277.414551" m_ty="-588.974365"/>
   <element name="symbol0" layername="timeline_4" frame="1" z_index="1" m_a="1.000000" m_b="0.000000" m_c="0.000000" m_d="1.000000" m_tx="-506.578949" m_ty="-577.631592"/>
  </frame>
  <frame idx="75" w="1349" h="1653" x="-241.153885" y="-519.761475">
   <element name="symbol0" layername="timeline_0" frame="0" z_index="5" m_a="1.000000" m_b="0.000000" m_c="0.000000" m_d="1.000000" m_tx="-505.000000" m_ty="-577.500000"/>
   <element name="symbol0" layername="timeline_1" frame="2" z_index="4" m_a="0.965373" m_b="0.000000" m_c="0.000000" m_d="0.959273" m_tx="-55.967182" m_ty="-124.118706"/>
   <element name="symbol0" layername="timeline_2" frame="3" z_index="3" m_a="0.904809" m_b="0.000000" m_c="0.000000" m_d="0.895429" m_tx="-59.718456" m_ty="-120.849663"/>
   <element name="symbol0" layername="timeline_3" frame="4" z_index="2" m_a="0.999779" m_b="-0.021001" m_c="0.021001" m_d="0.999779" m_tx="-280.010681" m_ty="-587.628235"/>
   <element name="symbol0" layername="timeline_4" frame="1" z_index="1" m_a="1.000000" m_b="0.000000" m_c="0.000000" m_d="1.000000" m_tx="-506.578949" m_ty="-577.631592"/>
  </frame>
  <frame idx="100" w="1350" h="1653" x="-242.312515" y="-519.479980">
   <element name="symbol0" layername="timeline_0" frame="0" z_index="5" m_a="1.000000" m_b="0.000000" m_c="0.000000" m_d="1.000000" m_tx="-505.000000" m_ty="-577.500000"/>
   <element name="symbol0" layername="timeline_1" frame="2" z_index="4" m_a="0.993064" m_b="0.000000" m_c="0.000000" m_d="0.975953" m_tx="-57.594616" m_ty="-125.024269"/>
   <element name="symbol0" layername="timeline_2" frame="3" z_index="3" m_a="0.919310" m_b="0.000000" m_c="0.000000" m_d="0.906981" m_tx="-60.864010" m_ty="-121.577309"/>
   <element name="symbol0" layername="timeline_3" frame="4" z_index="2" m_a="0.999608" m_b="-0.028000" m_c="0.028000" m_d="0.999608" m_tx="-282.606842" m_ty="-586.282043"/>
   <element name="symbol0" layername="timeline_4" frame="1" z_index="1" m_a="1.000000" m_b="0.000000" m_c="0.000000" m_d="1.000000" m_tx="-506.578949" m_ty="-577.631592"/>
  </frame>
  <frame idx="125" w="1352" h="1653" x="-243.978638" y="-519.208496">
   <element name="symbol0" layername="timeline_0" frame="0" z_index="5" m_a="1.000000" m_b="0.000000" m_c="0.000000" m_d="1.000000" m_tx="-505.000000" m_ty="-577.500000"/>
   <element name="symbol0" layername="timeline_1" frame="2" z_index="4" m_a="1.020754" m_b="0.000000" m_c="0.000000" m_d="0.992634" m_tx="-59.222050" m_ty="-125.929825"/>
   <element name="symbol0" layername="timeline_2" frame="3" z_index="3" m_a="0.933810" m_b="0.000000" m_c="0.000000" m_d="0.918533" m_tx="-62.009567" m_ty="-122.304955"/>
   <element name="symbol0" layername="timeline_3" frame="4" z_index="2" m_a="0.999387" m_b="-0.034997" m_c="0.034997" m_d="0.999387" m_tx="-285.203003" m_ty="-584.935913"/>
   <element name="symbol0" layername="timeline_4" frame="1" z_index="1" m_a="1.000000" m_b="0.000000" m_c="0.000000" m_d="1.000000" m_tx="-506.578949" m_ty="-577.631592"/>
  </frame>
  <frame idx="150" w="1354" h="1652" x="-245.152328" y="-518.947083">
   <element name="symbol0" layername="timeline_0" frame="0" z_index="5" m_a="1.000000" m_b="0.000000" m_c="0.000000" m_d="1.000000" m_tx="-505.000000" m_ty="-577.500000"/>
   <element name="symbol0" layername="timeline_1" frame="2" z_index="4" m_a="1.048445" m_b="0.000000" m_c="0.000000" m_d="1.009315" m_tx="-60.849487" m_ty="-126.835381"/>
   <element name="symbol0" layername="timeline_2" frame="3" z_index="3" m_a="0.948311" m_b="0.000000" m_c="0.000000" m_d="0.930085" m_tx="-63.155125" m_ty="-123.032608"/>
   <element name="symbol0" layername="timeline_3" frame="4" z_index="2" m_a="0.999118" m_b="-0.041993" m_c="0.041993" m_d="0.999118" m_tx="-287.799164" m_ty="-583.589783"/>
   <element name="symbol0" layername="timeline_4" frame="1" z_index="1" m_a="1.000000" m_b="0.000000" m_c="0.000000" m_d="1.000000" m_tx="-506.578949" m_ty="-577.631592"/>
  </frame>
  <frame idx="175" w="1355" h="1652" x="-246.333603" y="-518.695557">
   <element name="symbol0" layername="timeline_0" frame="0" z_index="5" m_a="1.000000" m_b="0.000000" m_c="0.000000" m_d="1.000000" m_tx="-505.000000" m_ty="-577.500000"/>
   <element name="symbol0" layername="timeline_1" frame="2" z_index="4" m_a="1.076135" m_b="0.000000" m_c="0.000000" m_d="1.025996" m_tx="-62.476921" m_ty="-127.740944"/>
   <element name="symbol0" layername="timeline_2" frame="3" z_index="3" m_a="0.962812" m_b="0.000000" m_c="0.000000" m_d="0.941637" m_tx="-64.300682" m_ty="-123.760254"/>
   <element name="symbol0" layername="timeline_3" frame="4" z_index="2" m_a="0.998799" m_b="-0.048986" m_c="0.048986" m_d="0.998799" m_tx="-290.395294" m_ty="-582.243591"/>
   <element name="symbol0" layername="timeline_4" frame="1" z_index="1" m_a="1.000000" m_b="0.000000" m_c="0.000000" m_d="1.000000" m_tx="-506.578949" m_ty="-577.631592"/>
  </frame>
  <frame idx="200" w="1356" h="1652" x="-247.522614" y="-518.453857">
   <element name="symbol0" layername="timeline_0" frame="0" z_index="5" m_a="1.000000" m_b="0.000000" m_c="0.000000" m_d="1.000000" m_tx="-505.000000" m_ty="-577.500000"/>
   <element name="symbol0" layername="timeline_1" frame="2" z_index="4" m_a="1.103826" m_b="0.000000" m_c="0.000000" m_d="1.042677" m_tx="-64.104355" m_ty="-128.646500"/>
   <element name="symbol0" layername="timeline_2" frame="3" z_index="3" m_a="0.977312" m_b="0.000000" m_c="0.000000" m_d="0.953189" m_tx="-65.446236" m_ty="-124.487900"/>
   <element name="symbol0" layername="timeline_3" frame="4" z_index="2" m_a="0.998432" m_b="-0.055978" m_c="0.055978" m_d="0.998432" m_tx="-292.991455" m_ty="-580.897461"/>
   <element name="symbol0" layername="timeline_4" frame="1" z_index="1" m_a="1.000000" m_b="0.000000" m_c="0.000000" m_d="1.000000" m_tx="-506.578949" m_ty="-577.631592"/>
  </frame>
  <frame idx="225" w="1358" h="1652" x="-249.219391" y="-518.222046">
   <element name="symbol0" layername="timeline_0" frame="0" z_index="5" m_a="1.000000" m_b="0.000000" m_c="0.000000" m_d="1.000000" m_tx="-505.000000" m_ty="-577.500000"/>
   <element name="symbol0" layername="timeline_1" frame="2" z_index="4" m_a="1.131517" m_b="0.000000" m_c="0.000000" m_d="1.059358" m_tx="-65.731789" m_ty="-129.552063"/>
   <element name="symbol0" layername="timeline_2" frame="3" z_index="3" m_a="0.991813" m_b="0.000000" m_c="0.000000" m_d="0.964741" m_tx="-66.591789" m_ty="-125.215546"/>
   <element name="symbol0" layername="timeline_3" frame="4" z_index="2" m_a="0.998016" m_b="-0.062966" m_c="0.062966" m_d="0.998016" m_tx="-295.587616" m_ty="-579.551270"/>
   <element name="symbol0" layername="timeline_4" frame="1" z_index="1" m_a="1.000000" m_b="0.000000" m_c="0.000000" m_d="1.000000" m_tx="-506.578949" m_ty="-577.631592"/>
  </frame>
  <frame idx="250" w="1359" h="1651" x="-250.424011" y="-518.000000">
   <element name="symbol0" layername="timeline_0" frame="0" z_index="5" m_a="1.000000" m_b="0.000000" m_c="0.000000" m_d="1.000000" m_tx="-505.000000" m_ty="-577.500000"/>
   <element name="symbol0" layername="timeline_1" frame="2" z_index="4" m_a="1.159207" m_b="0.000000" m_c="0.000000" m_d="1.076039" m_tx="-67.359222" m_ty="-130.457611"/>
   <element name="symbol0" layername="timeline_2" frame="3" z_index="3" m_a="1.006314" m_b="0.000000" m_c="0.000000" m_d="0.976292" m_tx="-67.737343" m_ty="-125.943199"/>
   <element name="symbol0" layername="timeline_3" frame="4" z_index="2" m_a="0.997550" m_b="-0.069952" m_c="0.069952" m_d="0.997550" m_tx="-298.183777" m_ty="-578.205139"/>
   <element name="symbol0" layername="timeline_4" frame="1" z_index="1" m_a="1.000000" m_b="0.000000" m_c="0.000000" m_d="1.000000" m_tx="-506.578949" m_ty="-577.631592"/>
  </frame>
  <frame idx="275" w="1361" h="1651" x="-251.636490" y="-517.787659">
   <element name="symbol0" layername="timeline_0" frame="0" z_index="5" m_a="1.000000" m_b="0.000000" m_c="0.000000" m_d="1.000000" m_tx="-505.000000" m_ty="-577.500000"/>
   <element name="symbol0" layername="timeline_1" frame="2" z_index="4" m_a="1.186898" m_b="0.000000" m_c="0.000000" m_d="1.092719" m_tx="-68.986656" m_ty="-131.363174"/>
   <element name="symbol0" layername="timeline_2" frame="3" z_index="3" m_a="1.020814" m_b="0.000000" m_c="0.000000" m_d="0.987844" m_tx="-68.882904" m_ty="-126.670845"/>
   <element name="symbol0" layername="timeline_3" frame="4" z_index="2" m_a="0.997036" m_b="-0.076933" m_c="0.076933" m_d="0.997036" m_tx="-300.779907" m_ty="-576.859009"/>
   <element name="symbol0" layername="timeline_4" frame="1" z_index="1" m_a="1.000000" m_b="0.000000" m_c="0.000000" m_d="1.000000" m_tx="-506.578949" m_ty="-577.631592"/>
  </frame>
  <frame idx="300" w="1362" h="1651" x="-252.856979" y="-517.584961">
   <element name="symbol0" layername="timeline_0" frame="0" z_index="5" m_a="1.000000" m_b="0.000000" m_c="0.000000" m_d="1.000000" m_tx="-505.000000" m_ty="-577.500000"/>
   <element name="symbol0" layername="timeline_1" frame="2" z_index="4" m_a="1.212702" m_b="0.000000" m_c="0.000000" m_d="1.108364" m_tx="-70.500771" m_ty="-132.164352"/>
   <element name="symbol0" layername="timeline_2" frame="3" z_index="3" m_a="1.034293" m_b="0.000000" m_c="0.000000" m_d="0.998333" m_tx="-69.938759" m_ty="-127.329674"/>
   <element name="symbol0" layername="timeline_3" frame="4" z_index="2" m_a="0.996473" m_b="-0.083912" m_c="0.083912" m_d="0.996473" m_tx="-303.376068" m_ty="-575.512817"/>
   <element name="symbol0" layername="timeline_4" frame="1" z_index="1" m_a="1.000000" m_b="0.000000" m_c="0.000000" m_d="1.000000" m_tx="-506.578949" m_ty="-577.631592"/>
  </frame>
  <frame idx="325" w="1364" h="1651" x="-254.585495" y="-517.391846">
   <element name="symbol0" layername="timeline_0" frame="0" z_index="5" m_a="1.000000" m_b="0.000000" m_c="0.000000" m_d="1.000000" m_tx="-505.000000" m_ty="-577.500000"/>
   <element name="symbol0" layername="timeline_1" frame="2" z_index="4" m_a="1.193227" m_b="0.000000" m_c="0.000000" m_d="1.099132" m_tx="-69.295135" m_ty="-130.460464"/>
   <element name="symbol0" layername="timeline_2" frame="3" z_index="3" m_a="1.023244" m_b="0.000000" m_c="0.000000" m_d="0.983296" m_tx="-68.841873" m_ty="-126.336967"/>
   <element name="symbol0" layername="timeline_3" frame="4" z_index="2" m_a="0.995861" m_b="-0.090886" m_c="0.090886" m_d="0.995861" m_tx="-305.972229" m_ty="-574.166687"/>
   <element name="symbol0" layername="timeline_4" frame="1" z_index="1" m_a="1.000000" m_b="0.000000" m_c="0.000000" m_d="1.000000" m_tx="-506.578949" m_ty="-577.631592"/>
  </frame>
  <frame idx="350" w="1365" h="1651" x="-255.822113" y="-517.208252">
   <element name="symbol0" layername="timeline_0" frame="0" z_index="5" m_a="1.000000" m_b="0.000000" m_c="0.000000" m_d="1.000000" m_tx="-505.000000" m_ty="-577.500000"/>
   <element name="symbol0" layername="timeline_1" frame="2" z_index="4" m_a="1.173753" m_b="0.000000" m_c="0.000000" m_d="1.089901" m_tx="-68.089508" m_ty="-128.756577"/>
   <element name="symbol0" layername="timeline_2" frame="3" z_index="3" m_a="1.012195" m_b="0.000000" m_c="0.000000" m_d="0.968260" m_tx="-67.744987" m_ty="-125.344261"/>
   <element name="symbol0" layername="timeline_3" frame="4" z_index="2" m_a="0.995201" m_b="-0.097855" m_c="0.097855" m_d="0.995201" m_tx="-308.568359" m_ty="-572.820496"/>
   <element name="symbol0" layername="timeline_4" frame="1" z_index="1" m_a="1.000000" m_b="0.000000" m_c="0.000000" m_d="1.000000" m_tx="-506.578949" m_ty="-577.631592"/>
  </frame>
  <frame idx="375" w="1367" h="1651" x="-257.066895" y="-517.034302">
   <element name="symbol0" layername="timeline_0" frame="0" z_index="5" m_a="1.000000" m_b="0.000000" m_c="0.000000" m_d="1.000000" m_tx="-505.000000" m_ty="-577.500000"/>
   <element name="symbol0" layername="timeline_1" frame="2" z_index="4" m_a="1.154278" m_b="0.000000" m_c="0.000000" m_d="1.080670" m_tx="-66.883873" m_ty="-127.052673"/>
   <element name="symbol0" layername="timeline_2" frame="3" z_index="3" m_a="1.001146" m_b="0.000000" m_c="0.000000" m_d="0.953223" m_tx="-66.648102" m_ty="-124.351555"/>
   <element name="symbol0" layername="timeline_3" frame="4" z_index="2" m_a="0.994491" m_b="-0.104820" m_c="0.104820" m_d="0.994491" m_tx="-311.164520" m_ty="-571.474365"/>
   <element name="symbol0" layername="timeline_4" frame="1" z_index="1" m_a="1.000000" m_b="0.000000" m_c="0.000000" m_d="1.000000" m_tx="-506.578949" m_ty="-577.631592"/>
  </frame>
  <frame idx="400" w="1368" h="1649" x="-258.319946" y="-516.369629">
   <element name="symbol0" layername="timeline_0" frame="0" z_index="5" m_a="1.000000" m_b="0.000000" m_c="0.000000" m_d="1.000000" m_tx="-505.000000" m_ty="-577.500000"/>
   <element name="symbol0" layername="timeline_1" frame="2" z_index="4" m_a="1.134804" m_b="0.000000" m_c="0.000000" m_d="1.071438" m_tx="-65.678246" m_ty="-125.348778"/>
   <element name="symbol0" layername="timeline_2" frame="3" z_index="3" m_a="0.990098" m_b="0.000000" m_c="0.000000" m_d="0.938187" m_tx="-65.551208" m_ty="-123.358849"/>
   <element name="symbol0" layername="timeline_3" frame="4" z_index="2" m_a="0.993733" m_b="-0.111780" m_c="0.111780" m_d="0.993733" m_tx="-313.760681" m_ty="-570.128235"/>
   <element name="symbol0" layername="timeline_4" frame="1" z_index="1" m_a="1.000000" m_b="0.000000" m_c="0.000000" m_d="1.000000" m_tx="-506.578949" m_ty="-577.631592"/>
  </frame>
  <frame idx="425" w="1370" h="1649" x="-260.081299" y="-516.214355">
   <element name="symbol0" layername="timeline_0" frame="0" z_index="5" m_a="1.000000" m_b="0.000000" m_c="0.000000" m_d="1.000000" m_tx="-505.000000" m_ty="-577.500000"/>
   <element name="symbol0" layername="timeline_1" frame="2" z_index="4" m_a="1.115329" m_b="0.000000" m_c="0.000000" m_d="1.062207" m_tx="-64.472610" m_ty="-123.644882"/>
   <element name="symbol0" layername="timeline_2" frame="3" z_index="3" m_a="0.979049" m_b="0.000000" m_c="0.000000" m_d="0.923150" m_tx="-64.454323" m_ty="-122.366135"/>
   <element name="symbol0" layername="timeline_3" frame="4" z_index="2" m_a="0.992926" m_b="-0.118734" m_c="0.118734" m_d="0.992926" m_tx="-316.356842" m_ty="-568.782043"/>
   <element name="symbol0" layername="timeline_4" frame="1" z_index="1" m_a="1.000000" m_b="0.000000" m_c="0.000000" m_d="1.000000" m_tx="-506.578949" m_ty="-577.631592"/>
  </frame>
  <frame idx="450" w="1371" h="1649" x="-261.350983" y="-516.068481">
   <element name="symbol0" layername="timeline_0" frame="0" z_index="5" m_a="1.000000" m_b="0.000000" m_c="0.000000" m_d="1.000000" m_tx="-505.000000" m_ty="-577.500000"/>
   <element name="symbol0" layername="timeline_1" frame="2" z_index="4" m_a="1.095854" m_b="0.000000" m_c="0.000000" m_d="1.052976" m_tx="-63.266979" m_ty="-121.940994"/>
   <element name="symbol0" layername="timeline_2" frame="3" z_index="3" m_a="0.968000" m_b="0.000000" m_c="0.000000" m_d="0.908114" m_tx="-63.357437" m_ty="-121.373428"/>
   <element name="symbol0" layername="timeline_3" frame="4" z_index="2" m_a="0.992071" m_b="-0.125682" m_c="0.125682" m_d="0.992071" m_tx="-318.952972" m_ty="-567.435913"/>
   <element name="symbol0" layername="timeline_4" frame="1" z_index="1" m_a="1.000000" m_b="0.000000" m_c="0.000000" m_d="1.000000" m_tx="-506.578949" m_ty="-577.631592"/>
  </frame>
  <frame idx="475" w="1373" h="1649" x="-262.629150" y="-515.931763">
   <element name="symbol0" layername="timeline_0" frame="0" z_index="5" m_a="1.000000" m_b="0.000000" m_c="0.000000" m_d="1.000000" m_tx="-505.000000" m_ty="-577.500000"/>
   <element name="symbol0" layername="timeline_1" frame="2" z_index="4" m_a="1.076380" m_b="0.000000" m_c="0.000000" m_d="1.043744" m_tx="-62.061344" m_ty="-120.237099"/>
   <element name="symbol0" layername="timeline_2" frame="3" z_index="3" m_a="0.956951" m_b="0.000000" m_c="0.000000" m_d="0.893077" m_tx="-62.260548" m_ty="-120.380722"/>
   <element name="symbol0" layername="timeline_3" frame="4" z_index="2" m_a="0.991166" m_b="-0.132625" m_c="0.132625" m_d="0.991166" m_tx="-321.549133" m_ty="-566.089722"/>
   <element name="symbol0" layername="timeline_4" frame="1" z_index="1" m_a="1.000000" m_b="0.000000" m_c="0.000000" m_d="1.000000" m_tx="-506.578949" m_ty="-577.631592"/>
  </frame>
  <frame idx="500" w="1374" h="1649" x="-263.915771" y="-515.804321">
   <element name="symbol0" layername="timeline_0" frame="0" z_index="5" m_a="1.000000" m_b="0.000000" m_c="0.000000" m_d="1.000000" m_tx="-505.000000" m_ty="-577.500000"/>
   <element name="symbol0" layername="timeline_1" frame="2" z_index="4" m_a="1.056905" m_b="0.000000" m_c="0.000000" m_d="1.034513" m_tx="-60.855713" m_ty="-118.533203"/>
   <element name="symbol0" layername="timeline_2" frame="3" z_index="3" m_a="0.945902" m_b="0.000000" m_c="0.000000" m_d="0.878041" m_tx="-61.163662" m_ty="-119.388016"/>
   <element name="symbol0" layername="timeline_3" frame="4" z_index="2" m_a="0.990214" m_b="-0.139560" m_c="0.139560" m_d="0.990214" m_tx="-324.145294" m_ty="-564.743591"/>
   <element name="symbol0" layername="timeline_4" frame="1" z_index="1" m_a="1.000000" m_b="0.000000" m_c="0.000000" m_d="1.000000" m_tx="-506.578949" m_ty="-577.631592"/>
  </frame>
  <frame idx="525" w="1373" h="1649" x="-262.629150" y="-515.931763">
   <element name="symbol0" layername="timeline_0" frame="0" z_index="5" m_a="1.000000" m_b="0.000000" m_c="0.000000" m_d="1.000000" m_tx="-505.000000" m_ty="-577.500000"/>
   <element name="symbol0" layername="timeline_1" frame="2" z_index="4" m_a="1.109341" m_b="0.000000" m_c="0.000000" m_d="1.051349" m_tx="-63.225101" m_ty="-120.694733"/>
   <element name="symbol0" layername="timeline_2" frame="3" z_index="3" m_a="0.966464" m_b="0.000000" m_c="0.000000" m_d="0.895568" m_tx="-62.859509" m_ty="-120.866318"/>
   <element name="symbol0" layername="timeline_3" frame="4" z_index="2" m_a="0.991166" m_b="-0.132625" m_c="0.132625" m_d="0.991166" m_tx="-321.549133" m_ty="-566.089722"/>
   <element name="symbol0" layername="timeline_4" frame="1" z_index="1" m_a="1.000000" m_b="0.000000" m_c="0.000000" m_d="1.000000" m_tx="-506.578949" m_ty="-577.631592"/>
  </frame>
  <frame idx="550" w="1371" h="1649" x="-261.350983" y="-516.068481">
   <element name="symbol0" layername="timeline_0" frame="0" z_index="5" m_a="1.000000" m_b="0.000000" m_c="0.000000" m_d="1.000000" m_tx="-505.000000" m_ty="-577.500000"/>
   <element name="symbol0" layername="timeline_1" frame="2" z_index="4" m_a="1.161777" m_b="0.000000" m_c="0.000000" m_d="1.068185" m_tx="-65.594490" m_ty="-122.856262"/>
   <element name="symbol0" layername="timeline_2" frame="3" z_index="3" m_a="0.987026" m_b="0.000000" m_c="0.000000" m_d="0.913094" m_tx="-64.555351" m_ty="-122.344627"/>
   <element name="symbol0" layername="timeline_3" frame="4" z_index="2" m_a="0.992071" m_b="-0.125682" m_c="0.125682" m_d="0.992071" m_tx="-318.952972" m_ty="-567.435913"/>
   <element name="symbol0" layername="timeline_4" frame="1" z_index="1" m_a="1.000000" m_b="0.000000" m_c="0.000000" m_d="1.000000" m_tx="-506.578949" m_ty="-577.631592"/>
  </frame>
  <frame idx="575" w="1370" h="1649" x="-260.081299" y="-516.214355">
   <element name="symbol0" layername="timeline_0" frame="0" z_index="5" m_a="1.000000" m_b="0.000000" m_c="0.000000" m_d="1.000000" m_tx="-505.000000" m_ty="-577.500000"/>
   <element name="symbol0" layername="timeline_1" frame="2" z_index="4" m_a="1.214214" m_b="0.000000" m_c="0.000000" m_d="1.085021" m_tx="-67.963882" m_ty="-125.017792"/>
   <element name="symbol0" layername="timeline_2" frame="3" z_index="3" m_a="1.007588" m_b="0.000000" m_c="0.000000" m_d="0.930621" m_tx="-66.251198" m_ty="-123.822929"/>
   <element name="symbol0" layername="timeline_3" frame="4" z_index="2" m_a="0.992926" m_b="-0.118734" m_c="0.118734" m_d="0.992926" m_tx="-316.356842" m_ty="-568.782043"/>
   <element name="symbol0" layername="timeline_4" frame="1" z_index="1" m_a="1.000000" m_b="0.000000" m_c="0.000000" m_d="1.000000" m_tx="-506.578949" m_ty="-577.631592"/>
  </frame>
  <frame idx="600" w="1368" h="1649" x="-258.319946" y="-516.369629">
   <element name="symbol0" layername="timeline_0" frame="0" z_index="5" m_a="1.000000" m_b="0.000000" m_c="0.000000" m_d="1.000000" m_tx="-505.000000" m_ty="-577.500000"/>
   <element name="symbol0" layername="timeline_1" frame="2" z_index="4" m_a="1.266650" m_b="0.000000" m_c="0.000000" m_d="1.101857" m_tx="-70.333267" m_ty="-127.179321"/>
   <element name="symbol0" layername="timeline_2" frame="3" z_index="3" m_a="1.028150" m_b="0.000000" m_c="0.000000" m_d="0.948147" m_tx="-67.947044" m_ty="-125.301239"/>
   <element name="symbol0" layername="timeline_3" frame="4" z_index="2" m_a="0.993733" m_b="-0.111780" m_c="0.111780" m_d="0.993733" m_tx="-313.760681" m_ty="-570.128235"/>
   <element name="symbol0" layername="timeline_4" frame="1" z_index="1" m_a="1.000000" m_b="0.000000" m_c="0.000000" m_d="1.000000" m_tx="-506.578949" m_ty="-577.631592"/>
  </frame>
  <frame idx="625" w="1367" h="1651" x="-257.066895" y="-517.034302">
   <element name="symbol0" layername="timeline_0" frame="0" z_index="5" m_a="1.000000" m_b="0.000000" m_c="0.000000" m_d="1.000000" m_tx="-505.000000" m_ty="-577.500000"/>
   <element name="symbol0" layername="timeline_1" frame="2" z_index="4" m_a="1.319086" m_b="0.000000" m_c="0.000000" m_d="1.118693" m_tx="-72.702660" m_ty="-129.340851"/>
   <element name="symbol0" layername="timeline_2" frame="3" z_index="3" m_a="1.048712" m_b="0.000000" m_c="0.000000" m_d="0.965674" m_tx="-69.642883" m_ty="-126.779541"/>
   <element name="symbol0" layername="timeline_3" frame="4" z_index="2" m_a="0.994491" m_b="-0.104820" m_c="0.104820" m_d="0.994491" m_tx="-311.164520" m_ty="-571.474365"/>
   <element name="symbol0" layername="timeline_4" frame="1" z_index="1" m_a="1.000000" m_b="0.000000" m_c="0.000000" m_d="1.000000" m_tx="-506.578949" m_ty="-577.631592"/>
  </frame>
  <frame idx="650" w="1365" h="1651" x="-255.822113" y="-517.208252">
   <element name="symbol0" layername="timeline_0" frame="0" z_index="5" m_a="1.000000" m_b="0.000000" m_c="0.000000" m_d="1.000000" m_tx="-505.000000" m_ty="-577.500000"/>
   <element name="symbol0" layername="timeline_1" frame="2" z_index="4" m_a="1.371522" m_b="0.000000" m_c="0.000000" m_d="1.135529" m_tx="-75.072044" m_ty="-131.502380"/>
   <element name="symbol0" layername="timeline_2" frame="3" z_index="3" m_a="1.069274" m_b="0.000000" m_c="0.000000" m_d="0.983201" m_tx="-71.338730" m_ty="-128.257843"/>
   <element name="symbol0" layername="timeline_3" frame="4" z_index="2" m_a="0.995201" m_b="-0.097855" m_c="0.097855" m_d="0.995201" m_tx="-308.568359" m_ty="-572.820496"/>
   <element name="symbol0" layername="timeline_4" frame="1" z_index="1" m_a="1.000000" m_b="0.000000" m_c="0.000000" m_d="1.000000" m_tx="-506.578949" m_ty="-577.631592"/>
  </frame>
  <frame idx="675" w="1364" h="1651" x="-254.585495" y="-517.391846">
   <element name="symbol0" layername="timeline_0" frame="0" z_index="5" m_a="1.000000" m_b="0.000000" m_c="0.000000" m_d="1.000000" m_tx="-505.000000" m_ty="-577.500000"/>
   <element name="symbol0" layername="timeline_1" frame="2" z_index="4" m_a="1.423958" m_b="0.000000" m_c="0.000000" m_d="1.152365" m_tx="-77.441437" m_ty="-133.663910"/>
   <element name="symbol0" layername="timeline_2" frame="3" z_index="3" m_a="1.089836" m_b="0.000000" m_c="0.000000" m_d="1.000727" m_tx="-73.034576" m_ty="-129.736160"/>
   <element name="symbol0" layername="timeline_3" frame="4" z_index="2" m_a="0.995861" m_b="-0.090886" m_c="0.090886" m_d="0.995861" m_tx="-305.972229" m_ty="-574.166687"/>
   <element name="symbol0" layername="timeline_4" frame="1" z_index="1" m_a="1.000000" m_b="0.000000" m_c="0.000000" m_d="1.000000" m_tx="-506.578949" m_ty="-577.631592"/>
  </frame>
  <frame idx="700" w="1362" h="1651" x="-252.856979" y="-517.584961">
   <element name="symbol0" layername="timeline_0" frame="0" z_index="5" m_a="1.000000" m_b="0.000000" m_c="0.000000" m_d="1.000000" m_tx="-505.000000" m_ty="-577.500000"/>
   <element name="symbol0" layername="timeline_1" frame="2" z_index="4" m_a="1.476395" m_b="0.000000" m_c="0.000000" m_d="1.169201" m_tx="-79.810829" m_ty="-135.825439"/>
   <element name="symbol0" layername="timeline_2" frame="3" z_index="3" m_a="1.110398" m_b="0.000000" m_c="0.000000" m_d="1.018254" m_tx="-74.730423" m_ty="-131.214462"/>
   <element name="symbol0" layername="timeline_3" frame="4" z_index="2" m_a="0.996473" m_b="-0.083912" m_c="0.083912" m_d="0.996473" m_tx="-303.376068" m_ty="-575.512817"/>
   <element name="symbol0" layername="timeline_4" frame="1" z_index="1" m_a="1.000000" m_b="0.000000" m_c="0.000000" m_d="1.000000" m_tx="-506.578949" m_ty="-577.631592"/>
  </frame>
  <frame idx="725" w="1361" h="1651" x="-251.636490" y="-517.787659">
   <element name="symbol0" layername="timeline_0" frame="0" z_index="5" m_a="1.000000" m_b="0.000000" m_c="0.000000" m_d="1.000000" m_tx="-505.000000" m_ty="-577.500000"/>
   <element name="symbol0" layername="timeline_1" frame="2" z_index="4" m_a="1.430637" m_b="0.000000" m_c="0.000000" m_d="1.148953" m_tx="-77.592232" m_ty="-134.747223"/>
   <element name="symbol0" layername="timeline_2" frame="3" z_index="3" m_a="1.091161" m_b="0.000000" m_c="0.000000" m_d="1.006258" m_tx="-73.311981" m_ty="-130.261673"/>
   <element name="symbol0" layername="timeline_3" frame="4" z_index="2" m_a="0.997036" m_b="-0.076933" m_c="0.076933" m_d="0.997036" m_tx="-300.779907" m_ty="-576.859009"/>
   <element name="symbol0" layername="timeline_4" frame="1" z_index="1" m_a="1.000000" m_b="0.000000" m_c="0.000000" m_d="1.000000" m_tx="-506.578949" m_ty="-577.631592"/>
  </frame>
  <frame idx="750" w="1359" h="1651" x="-250.424011" y="-518.000000">
   <element name="symbol0" layername="timeline_0" frame="0" z_index="5" m_a="1.000000" m_b="0.000000" m_c="0.000000" m_d="1.000000" m_tx="-505.000000" m_ty="-577.500000"/>
   <element name="symbol0" layername="timeline_1" frame="2" z_index="4" m_a="1.380788" m_b="0.000000" m_c="0.000000" m_d="1.127160" m_tx="-75.182472" m_ty="-133.534027"/>
   <element name="symbol0" layername="timeline_2" frame="3" z_index="3" m_a="1.070265" m_b="0.000000" m_c="0.000000" m_d="0.993032" m_tx="-71.763786" m_ty="-129.207581"/>
   <element name="symbol0" layername="timeline_3" frame="4" z_index="2" m_a="0.997550" m_b="-0.069952" m_c="0.069952" m_d="0.997550" m_tx="-298.183777" m_ty="-578.205139"/>
   <element name="symbol0" layername="timeline_4" frame="1" z_index="1" m_a="1.000000" m_b="0.000000" m_c="0.000000" m_d="1.000000" m_tx="-506.578949" m_ty="-577.631592"/>
  </frame>
  <frame idx="775" w="1358" h="1652" x="-249.219391" y="-518.222046">
   <element name="symbol0" layername="timeline_0" frame="0" z_index="5" m_a="1.000000" m_b="0.000000" m_c="0.000000" m_d="1.000000" m_tx="-505.000000" m_ty="-577.500000"/>
   <element name="symbol0" layername="timeline_1" frame="2" z_index="4" m_a="1.330940" m_b="0.000000" m_c="0.000000" m_d="1.105367" m_tx="-72.772713" m_ty="-132.320831"/>
   <element name="symbol0" layername="timeline_2" frame="3" z_index="3" m_a="1.049369" m_b="0.000000" m_c="0.000000" m_d="0.979807" m_tx="-70.215584" m_ty="-128.153488"/>
   <element name="symbol0" layername="timeline_3" frame="4" z_index="2" m_a="0.998016" m_b="-0.062966" m_c="0.062966" m_d="0.998016" m_tx="-295.587616" m_ty="-579.551270"/>
   <element name="symbol0" layername="timeline_4" frame="1" z_index="1" m_a="1.000000" m_b="0.000000" m_c="0.000000" m_d="1.000000" m_tx="-506.578949" m_ty="-577.631592"/>
  </frame>
  <frame idx="800" w="1356" h="1652" x="-247.522614" y="-518.453857">
   <element name="symbol0" layername="timeline_0" frame="0" z_index="5" m_a="1.000000" m_b="0.000000" m_c="0.000000" m_d="1.000000" m_tx="-505.000000" m_ty="-577.500000"/>
   <element name="symbol0" layername="timeline_1" frame="2" z_index="4" m_a="1.281091" m_b="0.000000" m_c="0.000000" m_d="1.083574" m_tx="-70.362953" m_ty="-131.107620"/>
   <element name="symbol0" layername="timeline_2" frame="3" z_index="3" m_a="1.028473" m_b="0.000000" m_c="0.000000" m_d="0.966581" m_tx="-68.667389" m_ty="-127.099411"/>
   <element name="symbol0" layername="timeline_3" frame="4" z_index="2" m_a="0.998432" m_b="-0.055978" m_c="0.055978" m_d="0.998432" m_tx="-292.991455" m_ty="-580.897461"/>
   <element name="symbol0" layername="timeline_4" frame="1" z_index="1" m_a="1.000000" m_b="0.000000" m_c="0.000000" m_d="1.000000" m_tx="-506.578949" m_ty="-577.631592"/>
  </frame>
  <frame idx="825" w="1355" h="1652" x="-246.333603" y="-518.695557">
   <element name="symbol0" layername="timeline_0" frame="0" z_index="5" m_a="1.000000" m_b="0.000000" m_c="0.000000" m_d="1.000000" m_tx="-505.000000" m_ty="-577.500000"/>
   <element name="symbol0" layername="timeline_1" frame="2" z_index="4" m_a="1.231242" m_b="0.000000" m_c="0.000000" m_d="1.061781" m_tx="-67.953194" m_ty="-129.894424"/>
   <element name="symbol0" layername="timeline_2" frame="3" z_index="3" m_a="1.007578" m_b="0.000000" m_c="0.000000" m_d="0.953355" m_tx="-67.119186" m_ty="-126.045319"/>
   <element name="symbol0" layername="timeline_3" frame="4" z_index="2" m_a="0.998799" m_b="-0.048986" m_c="0.048986" m_d="0.998799" m_tx="-290.395294" m_ty="-582.243591"/>
   <element name="symbol0" layername="timeline_4" frame="1" z_index="1" m_a="1.000000" m_b="0.000000" m_c="0.000000" m_d="1.000000" m_tx="-506.578949" m_ty="-577.631592"/>
  </frame>
  <frame idx="850" w="1354" h="1652" x="-245.152328" y="-518.947083">
   <element name="symbol0" layername="timeline_0" frame="0" z_index="5" m_a="1.000000" m_b="0.000000" m_c="0.000000" m_d="1.000000" m_tx="-505.000000" m_ty="-577.500000"/>
   <element name="symbol0" layername="timeline_1" frame="2" z_index="4" m_a="1.181394" m_b="0.000000" m_c="0.000000" m_d="1.039988" m_tx="-65.543434" m_ty="-128.681229"/>
   <element name="symbol0" layername="timeline_2" frame="3" z_index="3" m_a="0.986682" m_b="0.000000" m_c="0.000000" m_d="0.940129" m_tx="-65.570984" m_ty="-124.991234"/>
   <element name="symbol0" layername="timeline_3" frame="4" z_index="2" m_a="0.999118" m_b="-0.041993" m_c="0.041993" m_d="0.999118" m_tx="-287.799164" m_ty="-583.589783"/>
   <element name="symbol0" layername="timeline_4" frame="1" z_index="1" m_a="1.000000" m_b="0.000000" m_c="0.000000" m_d="1.000000" m_tx="-506.578949" m_ty="-577.631592"/>
  </frame>
  <frame idx="875" w="1352" h="1653" x="-243.978638" y="-519.208496">
   <element name="symbol0" layername="timeline_0" frame="0" z_index="5" m_a="1.000000" m_b="0.000000" m_c="0.000000" m_d="1.000000" m_tx="-505.000000" m_ty="-577.500000"/>
   <element name="symbol0" layername="timeline_1" frame="2" z_index="4" m_a="1.131545" m_b="0.000000" m_c="0.000000" m_d="1.018195" m_tx="-63.133675" m_ty="-127.468025"/>
   <element name="symbol0" layername="timeline_2" frame="3" z_index="3" m_a="0.965786" m_b="0.000000" m_c="0.000000" m_d="0.926903" m_tx="-64.022789" m_ty="-123.937149"/>
   <element name="symbol0" layername="timeline_3" frame="4" z_index="2" m_a="0.999387" m_b="-0.034997" m_c="0.034997" m_d="0.999387" m_tx="-285.203003" m_ty="-584.935913"/>
   <element name="symbol0" layername="timeline_4" frame="1" z_index="1" m_a="1.000000" m_b="0.000000" m_c="0.000000" m_d="1.000000" m_tx="-506.578949" m_ty="-577.631592"/>
  </frame>
  <frame idx="900" w="1350" h="1653" x="-242.312515" y="-519.479980">
   <element name="symbol0" layername="timeline_0" frame="0" z_index="5" m_a="1.000000" m_b="0.000000" m_c="0.000000" m_d="1.000000" m_tx="-505.000000" m_ty="-577.500000"/>
   <element name="symbol0" layername="timeline_1" frame="2" z_index="4" m_a="1.081696" m_b="0.000000" m_c="0.000000" m_d="0.996402" m_tx="-60.723915" m_ty="-126.254829"/>
   <element name="symbol0" layername="timeline_2" frame="3" z_index="3" m_a="0.944890" m_b="0.000000" m_c="0.000000" m_d="0.913677" m_tx="-62.474586" m_ty="-122.883064"/>
   <element name="symbol0" layername="timeline_3" frame="4" z_index="2" m_a="0.999608" m_b="-0.028000" m_c="0.028000" m_d="0.999608" m_tx="-282.606842" m_ty="-586.282043"/>
   <element name="symbol0" layername="timeline_4" frame="1" z_index="1" m_a="1.000000" m_b="0.000000" m_c="0.000000" m_d="1.000000" m_tx="-506.578949" m_ty="-577.631592"/>
  </frame>
  <frame idx="925" w="1349" h="1653" x="-241.153885" y="-519.761475">
   <element name="symbol0" layername="timeline_0" frame="0" z_index="5" m_a="1.000000" m_b="0.000000" m_c="0.000000" m_d="1.000000" m_tx="-505.000000" m_ty="-577.500000"/>
   <element name="symbol0" layername="timeline_1" frame="2" z_index="4" m_a="1.031847" m_b="0.000000" m_c="0.000000" m_d="0.974609" m_tx="-58.314156" m_ty="-125.041626"/>
   <element name="symbol0" layername="timeline_2" frame="3" z_index="3" m_a="0.923994" m_b="0.000000" m_c="0.000000" m_d="0.900451" m_tx="-60.926388" m_ty="-121.828979"/>
   <element name="symbol0" layername="timeline_3" frame="4" z_index="2" m_a="0.999779" m_b="-0.021001" m_c="0.021001" m_d="0.999779" m_tx="-280.010681" m_ty="-587.628235"/>
   <element name="symbol0" layername="timeline_4" frame="1" z_index="1" m_a="1.000000" m_b="0.000000" m_c="0.000000" m_d="1.000000" m_tx="-506.578949" m_ty="-577.631592"/>
  </frame>
  <frame idx="950" w="1348" h="1654" x="-240.002686" y="-520.053040">
   <element name="symbol0" layername="timeline_0" frame="0" z_index="5" m_a="1.000000" m_b="0.000000" m_c="0.000000" m_d="1.000000" m_tx="-505.000000" m_ty="-577.500000"/>
   <element name="symbol0" layername="timeline_1" frame="2" z_index="4" m_a="0.981999" m_b="0.000000" m_c="0.000000" m_d="0.952816" m_tx="-55.904396" m_ty="-123.828430"/>
   <element name="symbol0" layername="timeline_2" frame="3" z_index="3" m_a="0.903099" m_b="0.000000" m_c="0.000000" m_d="0.887226" m_tx="-59.378189" m_ty="-120.774887"/>
   <element name="symbol0" layername="timeline_3" frame="4" z_index="2" m_a="0.999902" m_b="-0.014001" m_c="0.014001" m_d="0.999902" m_tx="-277.414551" m_ty="-588.974365"/>
   <element name="symbol0" layername="timeline_4" frame="1" z_index="1" m_a="1.000000" m_b="0.000000" m_c="0.000000" m_d="1.000000" m_tx="-506.578949" m_ty="-577.631592"/>
  </frame>
  <frame idx="975" w="1347" h="1654" x="-238.858826" y="-520.354797">
   <element name="symbol0" layername="timeline_0" frame="0" z_index="5" m_a="1.000000" m_b="0.000000" m_c="0.000000" m_d="1.000000" m_tx="-505.000000" m_ty="-577.500000"/>
   <element name="symbol0" layername="timeline_1" frame="2" z_index="4" m_a="0.932150" m_b="0.000000" m_c="0.000000" m_d="0.931023" m_tx="-53.494637" m_ty="-122.615227"/>
   <element name="symbol0" layername="timeline_2" frame="3" z_index="3" m_a="0.882203" m_b="0.000000" m_c="0.000000" m_d="0.874000" m_tx="-57.829987" m_ty="-119.720802"/>
   <element name="symbol0" layername="timeline_3" frame="4" z_index="2" m_a="0.999976" m_b="-0.007001" m_c="0.007001" m_d="0.999976" m_tx="-274.818390" m_ty="-590.320557"/>
   <element name="symbol0" layername="timeline_4" frame="1" z_index="1" m_a="1.000000" m_b="0.000000" m_c="0.000000" m_d="1.000000" m_tx="-506.578949" m_ty="-577.631592"/>
  </frame>
 </anim>
</Anims>
